S_No,Lead Owner,Saletancy ID,Company,First Name,Last Name,Title,Email,Phone,Direct Phone,Mobile,Website,Industry,Sub Industry,Lead Source,Lead Status,Description,Revenue range,Employee range,Address,City,State,Pincode,Country,Skype ID,Secondry,LinkedIn ID,Notes,,
,,scrm_3102017045,Avon Beauty Products India Private Limited,Nandita Johar,Kitzman,CEO,Chau-kitzman0@gmail.com,120,120,9651123456,http://www.bentonjohnbjr.com,,,,,,,,4Th Floor Tower - C Global Business Prak,Orleans,Hey people,Chau-kitzman,Mr,None,0000-00-00 00:00:00,https://www.linkedin,None,10-100 Cr,500-1000 Cr
,,scrm_3102017046,Floor & Furnishing,Mr. Nakul Khandelwal,Adhikari,CEO,amanadhikari2@gmail.com,2147483647,2147483647,9557672252,FKFNFNK,,,,,,,,S&F Tower Floor No 42 Sec 32 Industrial Area,India,Dev,Aman Adhikari,Mr,none,3/18/2018 6:00,dev,none,500-1000 Cr,100-250 Cr
,,scrm_3102017047,Yum Restaurants India Private Limited (Gurgaon),Mr. Niren  Chaudhary,Kitzman,Director,Chau-kitzman@gmail.com,120,120,9651,http://www.bentonjohnbjr.com,,,,,,,,"12Th Floor, Tower D Global Park -",Orleans,,Chau-kitzman,Mr.,,3/18/2018 17:25,https://www.linkedin,,,
,,scrm_3102017048,Aksasia Creations Pvt Ltd,Mr. Arvind Kumar Singh,Frey,Director,Theola-frey@frey.com,120,120,0,http://www.chanayjeffreyaesq.com,,,,,,,,"Plot no. 142-I, NSEZ, Phase 2",Livingston,,Theola-frey,Ms.,,3/18/2018 17:25,https://www.linkedin,,,
,,scrm_3102017049,Sara Trans Industries,Mr. Jasbeer Singh Chandhok,Haroldson,Director,Cheryl-haroldson@haroldson.org,120,120,7017,http://www.chemeljameslcpa.com,,,,,,,,"Plot No 76-77, NSEZ, Phase 2",Gloucester,,Cheryl-haroldson,Mr.,,3/18/2018 17:25,https://www.linkedin,,,
,,scrm_3102017050,De Core Science & Technologies Ltd,Mr. Deepak Loomba,Kitzman,Deputy General Manager - IT,3Chau-kitzman@gmail.com,120,120,9651,http://www.bentonjohnbjr.com,,,,,,,,"Plot No. 59-H(B), NSEZ, Phase 2",Orleans,,Chau-kitzman,Mr.,,3/18/2018 17:25,https://www.linkedin,,,
,,scrm_3102017051,Continental Hardware Pvt Ltd,Mr. Davinder singh,Frey,Director,2Theola-frey@frey.com,120,120,0,http://www.chanayjeffreyaesq.com,,,,,,,,"Polt No-59-J(D) , SDF: G-1, NSEZ, Phase 2",Livingston,,Theola-frey,Ms.,,3/18/2018 17:25,https://www.linkedin,,,
,,scrm_3102017052,Suparshva Swabs India,Mr. Rahul Jain,Haroldson,Director IT,1Cheryl-haroldson@haroldson.org,120,120,7017,http://www.chemeljameslcpa.com,,,,,,,,"Plot No. 129G/13 & SDF. No I-8 , NSEZ, Phase 2",Gloucester,,Cheryl-haroldson,Mr.,,3/18/2018 17:25,https://www.linkedin,,,
,,scrm_3102017053,Advance Valves Global,Mr. Pranay S. Garg,Kitzman,Director,Chau-kitzman@gmail.com,120,120,9651,http://www.bentonjohnbjr.com,,,,,,,,"Plot No  142 A & B, NSEZ, Phase 2",Orleans,,Chau-kitzman,Mr.,,3/22/2018 13:16,https://www.linkedin,,,
,,scrm_3102017054,Bhartiya Industries,Mr. Balbir Singh,Frey,Director,Theola-frey@frey.com,120,120,0,http://www.chanayjeffreyaesq.com,,,,,,,,"E-51, Sector 9 Noida",Livingston,,Theola-frey,Mr,,3/22/2018 13:16,https://www.linkedin,,Select,Select
,,scrm_3102017055,Knk Bag Manufacturing Co,Mr. Deepak Shingla,Haroldson,Director,Cheryl-haroldson@haroldson.org,120,120,7017,http://www.chemeljameslcpa.com,,,,,,,,"Plot No. 27 ,NSEZ ",Gloucester,,Cheryl-haroldson,Mr.,,3/22/2018 13:16,https://www.linkedin,,,
,,scrm_3102017056,Associated Lighting Co,Mr. Arjun Nath,Kitzman,Director IT,3Chau-kitzman@gmail.com,120,120,9651,http://www.bentonjohnbjr.com,,,,,,,,"Plot No-101 & 102 ,NSEZ ,Phase 2",Orleans,,Chau-kitzman,Mr.,,3/22/2018 13:16,https://www.linkedin,,,
,,scrm_3102017057,Guru Impex,Mr. Harsh Walia,Frey,Director,2Theola-frey@frey.com,120,120,0,http://www.chanayjeffreyaesq.com,,,,,,,,"Plot No-95, NSEZ , Noida",Livingston,,Theola-frey,Ms.,,3/22/2018 13:16,https://www.linkedin,,,
,,scrm_3102017058,Vibgyor International,Mr. Vibhor Gupta,Haroldson,Director,1Cheryl-haroldson@haroldson.org,120,120,7017,http://www.chemeljameslcpa.com,,,,,,,,"Plot No 173-174,NSEZ",Gloucester,,Cheryl-haroldson,Mr.,,3/22/2018 13:16,https://www.linkedin,,,
,,scrm_3102017059,Lakeland Gloves & Safety Apparel Pvt Ltd,Mr. Vishal Kumar,Kitzman,Director,Chau-kitzman@gmail.com,120,120,9651,http://www.bentonjohnbjr.com,,,,,,,,"B-42, NSEZ",Orleans,,Chau-kitzman,Mr.,,3/24/2018 14:45,https://www.linkedin,,,
,,scrm_3102017060,Kris Flexipacks Pvt Ltd,ANINDYA SENGUPTA,Frey,Chairman,Theola-frey@frey.com,120,120,0,http://www.chanayjeffreyaesq.com,,,,,,,,"Plot No 142A/55, 129G/45, NSEZ",Livingston,,Theola-frey,Ms.,,3/24/2018 14:45,https://www.linkedin,,,
,,scrm_3102017061,Sara-Trans Export Corp,Mr. Jasbeer Singh Chandok,Haroldson,Managing Director,Cheryl-haroldson@haroldson.org,120,120,7017,http://www.chemeljameslcpa.com,,,,,,,,"Plot No. 76-77, NSEZ",Gloucester,,Cheryl-haroldson,Mr.,,3/24/2018 14:45,https://www.linkedin,,,
,,scrm_3102017062,American Express (India) Pvt  Ltd ,Mr. Sanjay Kaul,Kitzman,Vice President Of Finance,3Chau-kitzman@gmail.com,120,120,9651,http://www.bentonjohnbjr.com,,,,,,,,"Cyber City, Tower-C, DLF Bldg. No.8 , Sector-25, DLF City Ph-II",Orleans,,Chau-kitzman,Mr.,,3/24/2018 14:45,https://www.linkedin,,,
,,scrm_3102017063,Action Constructions Equipment Private Limited,Sorab Agarwal,Frey,CEO,2Theola-frey@frey.com,120,120,0,http://www.chanayjeffreyaesq.com,,,,,,,,Dudhola Link Road Dudhola Distt Palwal  ,Livingston,,Theola-frey,Ms.,,3/24/2018 14:45,https://www.linkedin,,,
,,scrm_3102017064,Aero Traders Private Limited,Mr. Alok  Prakash,Haroldson,Chief Executive Officer,1Cheryl-haroldson@haroldson.org,120,120,7017,http://www.chemeljameslcpa.com,,,,,,,,No 2168 Gurdwara Road Karol Bagh,Gloucester,,Cheryl-haroldson,Mr.,,3/24/2018 14:45,https://www.linkedin,,,
,,scrm_3102017065,Aov International Private Limited,Mr. Rakesh Gautam,Kitzman,Vice President,Chau-kitzman@gmail.com,120,120,9651,http://www.bentonjohnbjr.com,,,,,,,,Sector - 59  ,Orleans,,Chau-kitzman,Mr.,,3/24/2018 14:45,https://www.linkedin,,,
,,scrm_3102017066,Aravali Printers & Publishers Private Limited,Mr. Madan  Goel,Frey,Managing Director,Theola-frey@frey.com,120,120,0,http://www.chanayjeffreyaesq.com,,,,,,,,"W - 30, Phase=Ii, Industrial Area, Near Nathu Sweets Okhla",Livingston,,Theola-frey,Ms.,,3/24/2018 14:45,https://www.linkedin,,,
,,scrm_3102017067,CK Birla Group,Mr. Puneesh Lamba,Haroldson,Client Technical Manager,Cheryl-haroldson@haroldson.org,120,120,7017,http://www.chemeljameslcpa.com,,,,,,,,"8th Floor, Birla Tower, 25, Barakhamba Road, New Delhi, Delhi 110001",Gloucester,,Cheryl-haroldson,Mr.,,3/24/2018 14:45,https://www.linkedin,,,
,,scrm_3102017068,Ballarpur Industries Limited,Mr. Vinit Thakur,Kitzman,Managing Director,3Chau-kitzman@gmail.com,120,120,9651,http://www.bentonjohnbjr.com,,,,,,,,"First India Place Tower C
mehrauli - Gurgaon Road",Orleans,,Chau-kitzman,Mr.,,3/24/2018 14:45,https://www.linkedin,,,
,,scrm_3102017069,Becton Dickinson,Mr.   Manoj Gopala Krishnan,Frey,Director Business Development,2Theola-frey@frey.com,120,120,0,http://www.chanayjeffreyaesq.com,,,,,,,,6th Floor Signature Tower B South City I Nh 8 .. ..,Livingston,,Theola-frey,Ms.,,3/24/2018 14:45,https://www.linkedin,,,
,,scrm_3102017070,Bharat Pumps & Compressors Limited,Mr. A K Jain,Haroldson,CEO,1Cheryl-haroldson@haroldson.org,120,120,7017,http://www.chemeljameslcpa.com,,,,,,,,Chander Mukhi Nariman Point  ,Gloucester,,Cheryl-haroldson,Mr.,,3/24/2018 14:45,https://www.linkedin,,,
,,scrm_3102017071,Bhilwara Spinners Limited,Mr. Nirmal Kumar Jain,Kitzman,Vice President - IT,Chau-kitzman@gmail.com,120,120,9651,http://www.bentonjohnbjr.com,,,,,,,,40 - 41 Bhilwara Bhawan Comm. Centre New Friends Colony,Orleans,,Chau-kitzman,Mr.,,3/30/2018 15:18,https://www.linkedin,,,
,,scrm_3102017072,Buisness Octane Private Limited,Mr. Dilip  Sharma,Frey,Vice President,Theola-frey@frey.com,120,120,0,http://www.chanayjeffreyaesq.com,,,,,,,,"15th Floor Building - 9a Dlf Cyber City, Phase - 3 ",Livingston,,Theola-frey,Ms.,,3/30/2018 15:18,https://www.linkedin,,,
,,scrm_3102017073,Centaur Group Of Hotels (Delhi),Mr. Pradeep  Garg,Haroldson,Managing Director,Cheryl-haroldson@haroldson.org,120,120,7017,http://www.chemeljameslcpa.com,,,,,,,,Indira Gandhi International Airport Gurgaon Road  ,Gloucester,,Cheryl-haroldson,Mr.,,3/30/2018 15:18,https://www.linkedin,,,
,,scrm_3102017074,Consolidated Products Corporation Private Limited,Mr. Sahgal  ,Kitzman,Chief Executive Officer,3Chau-kitzman@gmail.com,120,120,9651,http://www.bentonjohnbjr.com,,,,,,,,F - 1 / 8 Phase I Okhla Industrial Area ,Orleans,,Chau-kitzman,Mr.,,3/30/2018 15:18,https://www.linkedin,,,
,,scrm_3102017075,Dabur India Limited,Mr. Anand Burman  ,Frey,Vice President - Operations,2Theola-frey@frey.com,120,120,0,http://www.chanayjeffreyaesq.com,,,,,,,,Kaushambi,Livingston,,Theola-frey,Ms.,,3/30/2018 15:18,https://www.linkedin,,,
,,scrm_3102017076,Design For Manufacturing Foods Limited,Anuj Prasad,Haroldson,Director,1Cheryl-haroldson@haroldson.org,120,120,7017,http://www.chemeljameslcpa.com,,,,,,,,"8381, Roshan Ara Road ",Gloucester,,Cheryl-haroldson,Mr.,,3/30/2018 15:18,https://www.linkedin,,,
,,scrm_3102017077,Haryana Dairy Development Cooperative Federation Limited,Mr. Dhanpat  Singh,Kitzman,Director,Chau-kitzman@gmail.com,120,120,9651,http://www.bentonjohnbjr.com,,,,,,,,"Base No 21 - 22, Sahakarita Bhavan, Sec - 2",Orleans,,Chau-kitzman,Mr.,,3/30/2018 16:21,https://www.linkedin,,,
,,scrm_3102017078,Il & fs Transportation Networks Limted,Mr. Harish  Mathur,Frey,CEO,Theola-frey@frey.com,120,120,0,http://www.chanayjeffreyaesq.com,,,,,,,,"2nd Floor Mbs Corporate Office Tower, Ambiance Mall, Ambiance Iceland Nh-8",Livingston,,Theola-frey,Ms.,,3/30/2018 16:21,https://www.linkedin,,,
,,scrm_3102017079,Jbm Group,Mr. Mayank Verma,Haroldson,managing director,Cheryl-haroldson@haroldson.org,120,120,7017,http://www.chemeljameslcpa.com,,,,,,,,601 Hemkunt Chambers 89 Nehru Place,Gloucester,,Cheryl-haroldson,Mr.,,3/30/2018 16:21,https://www.linkedin,,,
,,scrm_3102017080,Le Passage To India Tours & Travel &Travel & Hospitalitys Private Limited,Mr. Arjun  Sharma,Kitzman,Director,3Chau-kitzman@gmail.com,120,120,9651,http://www.bentonjohnbjr.com,,,,,,,,E-29 Hauz Khas  ,Orleans,,Chau-kitzman,Mr.,,3/30/2018 16:21,https://www.linkedin,,,
,,scrm_3102017081,Mark & Space Telesystems Private Limited,Ms. Soshil Kumar Tyagi,Frey,Director,2Theola-frey@frey.com,120,120,0,http://www.chanayjeffreyaesq.com,,,,,,,,10th Floor 1002 Padma Tower - 15 Rajendra Place,Livingston,,Theola-frey,Ms.,,3/30/2018 16:21,https://www.linkedin,,,
,,scrm_3102017082,Mas Callnet India (P) LTD,Mr. Deepak  Kashyap,Haroldson,TECHNICAL DIRECTOR,1Cheryl-haroldson@haroldson.org,120,120,7017,http://www.chemeljameslcpa.com,,,,,,,,No 603 Siddharth Bldg 96 Nehru Place,Gloucester,,Cheryl-haroldson,Mr.,,3/30/2018 16:21,https://www.linkedin,,,
,,scrm_3102017083,Reliable Autotech,Mr. Saagar  Bhavsar,Kitzman,CTO,Chau-kitzman@gmail.com,120,120,9651,http://www.bentonjohnbjr.com,,,,,,,,Napp Township Narora  ,Orleans,,Chau-kitzman,Mr.,,3/30/2018 16:30,https://www.linkedin,,,
,,scrm_3102017084,Northern Railway,Mr. K  Kailash,Frey,CTO,Theola-frey@frey.com,120,120,0,http://www.chanayjeffreyaesq.com,,,,,,,,Baroda House  ,Livingston,,Theola-frey,Ms.,,3/30/2018 16:30,https://www.linkedin,,,
,,scrm_3102017085,Radiant Polymers Private Limited,Mr. Nitin  Bahl,Haroldson,Director,Cheryl-haroldson@haroldson.org,120,120,7017,http://www.chemeljameslcpa.com,,,,,,,,A - 4/7 - 8 Site Iv Sahibabad Industrial Area  ,Gloucester,,Cheryl-haroldson,Mr.,,3/30/2018 16:30,https://www.linkedin,,,
,,scrm_3102017086,RAJASTHAN SPINNING & WEAVING MILL LIMITED,Ashutosh Sharma,Kitzman,Director,3Chau-kitzman@gmail.com,120,120,9651,http://www.bentonjohnbjr.com,,,,,,,,Bhilwara Towers A-12 Sector - 1,Orleans,,Chau-kitzman,Mr.,,3/30/2018 16:30,https://www.linkedin,,,
,,scrm_3102017087,Rao Travel &Travel & Hospitalitys,Mr. Srinivas Rao,Frey,Chief Executive Officer,2Theola-frey@frey.com,120,120,0,http://www.chanayjeffreyaesq.com,,,,,,,,17 Vasant Enclavemarket,Livingston,,Theola-frey,Ms.,,3/30/2018 16:30,https://www.linkedin,,,
,,scrm_3102017088,Ritco Travel &Travel & Hospitalitys,Mr. Ashok  Agarwal,Haroldson,Chief Executive Officer,1Cheryl-haroldson@haroldson.org,120,120,7017,http://www.chemeljameslcpa.com,,,,,,,,Su - 20 Bhakaji Cama Bhawan Bhikaji Cama Place ,Gloucester,,Cheryl-haroldson,Mr.,,3/30/2018 16:30,https://www.linkedin,,,
,,scrm_3102017089,Schneider Electronic India Private Limited,Mr. Olivier  Blum,,CFO and Wholetime Director,,,,,,,,,,,,,Max House 2Nd Floor 1 Dr. Jha Marg Okhla,,,,,,,,,,
,,scrm_3102017090,GOLDWYN LTD,Mr. JAGPAL SHARMA,,Sr. Manager - IT,,,,,,,,,,,,,"15 & 16, Nsez, Noida, Uttar Pradesh 201305",,,,,,,,,,
,,scrm_3102017091,DLF GOLF & COUNTRY CLUB,Mr. Karan Bindra,,Managing Director,,,,,,,,,,,,,"DLF City, Phase-V",,,,,,,,,,
,,scrm_3102017092,National Textile Corpn ,Shri Vivek Plawat,,Chief Financial Officer,,,,,,,,,,,,,"Core 4, Scope Complex 7, Lodi Road",,,,,,,,,,
,,scrm_3102017093,Advance HydrauTech Private Limited,Mr. Sudhir Gupta,,Director,,,,,,,,,,,,,"Khasra No. 86/ 23, Village Ghevra, Near Hiran Kudna Mor, Mundka Udyog Nagar, Rohtak Road",,,,,,,,,,
,,scrm_3102017094,Spencer Retail Limited,Mr. Vipin Bhandari,,Chief Operating Officer,,,,,,,,,,,,,"LG 14, Crown Plaza, Sec - 15, Mathura Road",,,,,,,,,,
,,scrm_3102017095,Tata Ryerson Ltd,Mr. Manish Arora,,Managing Director,,,,,,,,,,,,,"Plot No 33 B, Bata Hardware Road, N I T, N I T",,,,,,,,,,
,,scrm_3102017096,ASEEM Global,Mr. Narender Kumar,,Managing Director,,,,,,,,,,,,,"5476, South Basti Harphool Singh
Sadar Thana Road, Sadar Bazar",,,,,,,,,,
,,scrm_3102017097,Cantabil Retail India,Mr. Vijay bansal,,Vice President,,,,,,,,,,,,,"B-47, Lawrence Road, Industrial Area",,,,,,,,,,
,,scrm_3102017098,Tirupati Inks,Sanjiv Agrawal,,Chief Executive Officer,,,,,,,,,,,,,"D 109-112, GNEPIP, Surajpur Industrial Area, Site – 5, Kasna",,,,,,,,,,
,,scrm_3102017099,Charoo Apparel Manufacturing Company  ,Mr. Vikram Krishnan,,Managing Director,,,,,,,,,,,,,12 School Lane Wing Choun India Delhi,,,,,,,,,,
,,scrm_3102017100,Chhabra Trading Company,Mr. AnilChabra,,Ownner,,,,,,,,,,,,,"920, Station Road, Chandni Chowk",,,,,,,,,,
,,scrm_3102017101,Dayal Regency,Mr. Manoj Gosai,,Vice President,,,,,,,,,,,,,"B-718, Dlf City Phase Iv",,,,,,,,,,
,,scrm_3102017102,Indian Sugar Exim Corporation ,Mr. Jayanti Bhai Patel,,General Manager - IT,,,,,,,,,,,,,Ansal Plaza 2nd Floor C-block Khel Gaon Marg,,,,,,,,,,
,,scrm_3102017103,Satvik Impex  ,Mr. Dhruv Chandra,,General Manager - IT,,,,,,,,,,,,,"1 Anand Lok, Khel Gaon, Road",,,,,,,,,,
,,scrm_3102017104,Asia dwan hotel (delhi),Mr. Mayer Vinay,,Chief of Corporate Communications,,,,,,,,,,,,,"C/2, 2nd Floor, Malviya Nagar, Malviya Nagar  New Delhi",,,,,,,,,,
,,scrm_3102017105,Southern Hotel,Ms. Sunita Lakka,,General Manager - IT,,,,,,,,,,,,,"18/2, Arya Samaj Road, W.E.A Karol Bagh",,,,,,,,,,
,,scrm_3102017106,Great Indian Outdoors Private Limited,Mr. Balakrishnan R ,,Managing Director,,,,,,,,,,,,,"Sector 57 ,Phase 3 ,Sushant Lok Near Edan, Gurgaon",,,,,,,,,,
,,scrm_3102017107,Park Plaza Harinagar,Mr. Abhay Goel,,Proprietor,,,,,,,,,,,,,"Plot No. 1B, Sub District Center",,,,,,,,,,
,,scrm_3102017108,Residency Resorts Pvt. Ltd. (USI),Mr. Sunil Kapoor,,Managing Director,,,,,,,,,,,,,"Premises, Rao Tula Ram Marg, Delhi Cantt.",,,,,,,,,,
,,scrm_3102017109,Hi Tours India Private Limited,Mr. Prem Syal,,Chief Executive Officer,,,,,,,,,,,,,"37, Regal Nuilding Parliament Street",,,,,,,,,,
,,scrm_3102017110,Hotel CityPark,Mr. Ramla Aggrawal,,Managing Director,,,,,,,,,,,,,Pitampura,,,,,,,,,,
,,scrm_3102017111,Nimitaya Hotel (Fortune hotel Gurgoan),Ms. Samiksha Mahajan,,Managing Director,,,,,,,,,,,,,"Global Arcade, Mehrauli-Gurgaon Road",,,,,,,,,,
,,scrm_3102017112,JHT hotel,Mr. Amit Khanna,,Chief Executive Officer,,,,,,,,,,,,,S-21 Greater Kailash-I,,,,,,,,,,
,,scrm_3102017113,Travel &Travel & Hospitalityogy India,Mr. Santosh/Ms. Reena Gupta,,Chief Executive Officer,,,,,,,,,,,,,"212, 2ndFloor, Vardhman  Master Plaza, Plot No. 2 , DDA LSC Ghazipur ",,,,,,,,,,
,,scrm_3102017114,Airport Residency,Mr. V Khosla,,Director,,,,,,,,,,,,,"Off highway 98  Dwarka Link Rd, Samalkha",,,,,,,,,,
,,scrm_3102017115,Interglobe Enterprise Limited,Mr. Kapil Bhatia,,Managing Director,,,,,,,,,,,,,Block 2 B,,,,,,,,,,
,,scrm_3102017116,Magnum Components  ,Mr. Yogesh Batra,,Managing Director,,,,,,,,,,,,,"Plot No 166, Sector - 3, Imt Manesar",,,,,,,,,,
,,scrm_3102017117,Ram-Nath & Co.  ,Mr. Vivek Lal,,Director,,,,,,,,,,,,,"A 7, Greenpark Main, Near Sartaj Grand",,,,,,,,,,
,,scrm_3102017118,Overseas Carpets ,Mr. O. P Garg,,Proprietor,,,,,,,,,,,,,"85, Bharat Nagar, New Friends Colony",,,,,,,,,,
,,scrm_3102017119,Nikkon Air Freight Service Private Limited,Ms. Reena Bhasim,,Director,,,,,,,,,,,,,"117,119,Jaina Tower-Ist, Satyam Cinema, Janakpuri District Centre",,,,,,,,,,
,,scrm_3102017120,Ruck Sack Tour Private Limited,Ms. Rani Puri,,Proprietor,,,,,,,,,,,,,B 412,,,,,,,,,,
,,scrm_3102017121,Rao Travel &Travel & Hospitalitys,Mr. Srinivas Rao,,Partner,,,,,,,,,,,,,17 Vasant Enclavemarket,,,,,,,,,,
,,scrm_3102017122,Services International,Mr. Santosh Lakhotia,,Partner,,,,,,,,,,,,,D - 4 A-block Ring Road Lsc Naraina Vihar,,,,,,,,,,
,,scrm_3102017123,Lite Bite Foods,Mr. Rohit Aggarwal,,Proprietor,,,,,,,,,,,,,"19, Ashi Building, ,rouse Avenue, ITO",,,,,,,,,,
,,scrm_3102017124,High Tours,Mr. Prem Sayal,,Managing Director,,,,,,,,,,,,,3334 37 Regal Building Parliament Street,,,,,,,,,,
,,scrm_3102017125,Kwality Dairy India ,Mr. Ashok Kumar Gupta,,Managing Director,,,,,,,,,,,,,"F - 82, Shivaji Place,Rajouri Garden",,,,,,,,,,
,,scrm_3102017126,Bhushan Steel ,Mr. Monica Aggrawal,,Managing Director,,,,,,,,,,,,,"23, Site Iv, Sahibabad Industrial Area",,,,,,,,,,
,,scrm_3102017127,HSIL,Mr. Navin Goenka,,VP of Finance,,,,,,,,,,,,,,,,,,,,,,,
,,scrm_3102017128,Whirlpool of India ,Mr. Sanjiv Verma,,CFO,,,,,,,,,,,,,,,,,,,,,,,
,,scrm_3102017129,Orix Auto Infrastructure Services ,Ms. Shuchi Sighvi,,MD,,,,,,,,,,,,,,,,,,,,,,,
,,scrm_3102017130,SRS Group,Mr. Jitendra Kumar Garg,,,,,,,,,,,,,,,,,,,,,,,,,
,,scrm_3102017131,Maharani Of India,Mr. Baldev Raj Bhatia,,,,,,,,,,,,,,,,,,,,,,,,,
,,scrm_3102017132,,Mr.Ajay..Tyagi,,,,,,,,,,,,,,,,,,,,,,,,,
,,scrm_3102017133,,,,,,,,,,,,,,,,,,,,,,,,,,,
,,scrm_3102017134,,,,,,,,,,,,,,,,,,,,,,,,,,,
,,scrm_3102017135,,,,,,,,,,,,,,,,,,,,,,,,,,,
,,scrm_3102017136,,,,,,,,,,,,,,,,,,,,,,,,,,,
,,scrm_3102017137,,,,,,,,,,,,,,,,,,,,,,,,,,,
,,scrm_3102017138,,,,,,,,,,,,,,,,,,,,,,,,,,,
,,scrm_3102017139,,,,,,,,,,,,,,,,,,,,,,,,,,,
,,scrm_3102017140,,,,,,,,,,,,,,,,,,,,,,,,,,,
,,scrm_3102017141,,,,,,,,,,,,,,,,,,,,,,,,,,,
,,scrm_3102017142,,,,,,,,,,,,,,,,,,,,,,,,,,,
,,scrm_3102017143,,,,,,,,,,,,,,,,,,,,,,,,,,,
,,scrm_3102017144,,,,,,,,,,,,,,,,,,,,,,,,,,,
,,scrm_3102017145,,,,,,,,,,,,,,,,,,,,,,,,,,,
,,scrm_3102017146,,,,,,,,,,,,,,,,,,,,,,,,,,,
,,scrm_3102017147,,,,,,,,,,,,,,,,,,,,,,,,,,,
,,scrm_3102017148,,,,,,,,,,,,,,,,,,,,,,,,,,,
,,scrm_3102017149,,,,,,,,,,,,,,,,,,,,,,,,,,,
,,scrm_3102017150,,,,,,,,,,,,,,,,,,,,,,,,,,,
,,scrm_3102017151,,,,,,,,,,,,,,,,,,,,,,,,,,,
,,scrm_3102017152,,,,,,,,,,,,,,,,,,,,,,,,,,,
,,scrm_3102017153,,,,,,,,,,,,,,,,,,,,,,,,,,,
,,scrm_3102017154,,,,,,,,,,,,,,,,,,,,,,,,,,,
,,scrm_3102017155,,,,,,,,,,,,,,,,,,,,,,,,,,,
,,scrm_3102017156,,,,,,,,,,,,,,,,,,,,,,,,,,,
,,scrm_3102017157,,,,,,,,,,,,,,,,,,,,,,,,,,,
,,scrm_3102017158,,,,,,,,,,,,,,,,,,,,,,,,,,,
,,scrm_3102017159,,,,,,,,,,,,,,,,,,,,,,,,,,,
,,scrm_3102017160,,,,,,,,,,,,,,,,,,,,,,,,,,,
,,scrm_3102017161,,,,,,,,,,,,,,,,,,,,,,,,,,,
,,scrm_3102017162,,,,,,,,,,,,,,,,,,,,,,,,,,,
,,scrm_3102017163,,,,,,,,,,,,,,,,,,,,,,,,,,,
,,scrm_3102017164,,,,,,,,,,,,,,,,,,,,,,,,,,,
,,scrm_3102017165,,,,,,,,,,,,,,,,,,,,,,,,,,,
,,scrm_3102017166,,,,,,,,,,,,,,,,,,,,,,,,,,,
,,scrm_3102017167,,,,,,,,,,,,,,,,,,,,,,,,,,,
,,scrm_3102017168,,,,,,,,,,,,,,,,,,,,,,,,,,,
,,scrm_3102017169,,,,,,,,,,,,,,,,,,,,,,,,,,,
,,scrm_3102017170,,,,,,,,,,,,,,,,,,,,,,,,,,,
,,scrm_3102017171,,,,,,,,,,,,,,,,,,,,,,,,,,,
,,scrm_3102017172,,,,,,,,,,,,,,,,,,,,,,,,,,,
,,scrm_3102017173,,,,,,,,,,,,,,,,,,,,,,,,,,,
,,scrm_3102017174,,,,,,,,,,,,,,,,,,,,,,,,,,,
,,scrm_3102017175,,,,,,,,,,,,,,,,,,,,,,,,,,,
,,scrm_3102017176,,,,,,,,,,,,,,,,,,,,,,,,,,,
,,scrm_3102017177,,,,,,,,,,,,,,,,,,,,,,,,,,,
,,scrm_3102017178,,,,,,,,,,,,,,,,,,,,,,,,,,,
,,scrm_3102017179,,,,,,,,,,,,,,,,,,,,,,,,,,,
,,scrm_3102017180,,,,,,,,,,,,,,,,,,,,,,,,,,,
,,scrm_3102017181,,,,,,,,,,,,,,,,,,,,,,,,,,,
,,scrm_3102017182,,,,,,,,,,,,,,,,,,,,,,,,,,,
,,scrm_3102017183,,,,,,,,,,,,,,,,,,,,,,,,,,,
,,scrm_3102017184,,,,,,,,,,,,,,,,,,,,,,,,,,,
,,scrm_3102017185,,,,,,,,,,,,,,,,,,,,,,,,,,,
,,scrm_3102017186,,,,,,,,,,,,,,,,,,,,,,,,,,,
,,scrm_3102017187,,,,,,,,,,,,,,,,,,,,,,,,,,,
,,scrm_3102017188,,,,,,,,,,,,,,,,,,,,,,,,,,,
,,scrm_3102017189,,,,,,,,,,,,,,,,,,,,,,,,,,,
,,scrm_3102017190,,,,,,,,,,,,,,,,,,,,,,,,,,,
,,scrm_3102017191,,,,,,,,,,,,,,,,,,,,,,,,,,,
,,scrm_3102017192,,,,,,,,,,,,,,,,,,,,,,,,,,,
,,scrm_3102017193,,,,,,,,,,,,,,,,,,,,,,,,,,,
,,scrm_3102017194,,,,,,,,,,,,,,,,,,,,,,,,,,,
,,scrm_3102017195,,,,,,,,,,,,,,,,,,,,,,,,,,,
,,scrm_3102017196,,,,,,,,,,,,,,,,,,,,,,,,,,,
,,scrm_3102017197,,,,,,,,,,,,,,,,,,,,,,,,,,,
,,scrm_3102017198,,,,,,,,,,,,,,,,,,,,,,,,,,,
,,scrm_3102017199,,,,,,,,,,,,,,,,,,,,,,,,,,,
,,scrm_3102017200,,,,,,,,,,,,,,,,,,,,,,,,,,,
,,scrm_3102017201,,,,,,,,,,,,,,,,,,,,,,,,,,,
,,scrm_3102017202,,,,,,,,,,,,,,,,,,,,,,,,,,,
,,scrm_3102017203,,,,,,,,,,,,,,,,,,,,,,,,,,,
,,scrm_3102017204,,,,,,,,,,,,,,,,,,,,,,,,,,,
,,scrm_3102017205,,,,,,,,,,,,,,,,,,,,,,,,,,,
,,scrm_3102017206,,,,,,,,,,,,,,,,,,,,,,,,,,,
,,scrm_3102017207,,,,,,,,,,,,,,,,,,,,,,,,,,,
,,scrm_3102017208,,,,,,,,,,,,,,,,,,,,,,,,,,,
,,scrm_3102017209,,,,,,,,,,,,,,,,,,,,,,,,,,,
,,scrm_3102017210,,,,,,,,,,,,,,,,,,,,,,,,,,,
,,scrm_3102017211,,,,,,,,,,,,,,,,,,,,,,,,,,,
,,scrm_3102017212,,,,,,,,,,,,,,,,,,,,,,,,,,,
,,scrm_3102017213,,,,,,,,,,,,,,,,,,,,,,,,,,,
,,scrm_3102017214,,,,,,,,,,,,,,,,,,,,,,,,,,,
,,scrm_3102017215,,,,,,,,,,,,,,,,,,,,,,,,,,,
,,scrm_3102017216,,,,,,,,,,,,,,,,,,,,,,,,,,,
,,scrm_3102017217,,,,,,,,,,,,,,,,,,,,,,,,,,,
,,scrm_3102017218,,,,,,,,,,,,,,,,,,,,,,,,,,,
,,scrm_3102017219,,,,,,,,,,,,,,,,,,,,,,,,,,,
,,scrm_3102017220,,,,,,,,,,,,,,,,,,,,,,,,,,,
,,scrm_3102017221,,,,,,,,,,,,,,,,,,,,,,,,,,,
,,scrm_3102017222,,,,,,,,,,,,,,,,,,,,,,,,,,,
,,scrm_3102017223,,,,,,,,,,,,,,,,,,,,,,,,,,,
,,scrm_3102017224,,,,,,,,,,,,,,,,,,,,,,,,,,,
,,scrm_3102017225,,,,,,,,,,,,,,,,,,,,,,,,,,,
,,scrm_3102017226,,,,,,,,,,,,,,,,,,,,,,,,,,,
,,scrm_3102017227,,,,,,,,,,,,,,,,,,,,,,,,,,,
,,scrm_3102017228,,,,,,,,,,,,,,,,,,,,,,,,,,,
,,scrm_3102017229,,,,,,,,,,,,,,,,,,,,,,,,,,,
,,scrm_3102017230,,,,,,,,,,,,,,,,,,,,,,,,,,,
,,scrm_3102017231,,,,,,,,,,,,,,,,,,,,,,,,,,,
,,scrm_3102017232,,,,,,,,,,,,,,,,,,,,,,,,,,,
,,scrm_3102017233,,,,,,,,,,,,,,,,,,,,,,,,,,,
,,scrm_3102017234,,,,,,,,,,,,,,,,,,,,,,,,,,,
,,scrm_3102017235,,,,,,,,,,,,,,,,,,,,,,,,,,,
,,scrm_3102017236,,,,,,,,,,,,,,,,,,,,,,,,,,,
,,scrm_3102017237,,,,,,,,,,,,,,,,,,,,,,,,,,,
,,scrm_3102017238,,,,,,,,,,,,,,,,,,,,,,,,,,,
,,scrm_3102017239,,,,,,,,,,,,,,,,,,,,,,,,,,,
,,scrm_3102017240,,,,,,,,,,,,,,,,,,,,,,,,,,,
,,scrm_3102017241,,,,,,,,,,,,,,,,,,,,,,,,,,,
,,scrm_3102017242,,,,,,,,,,,,,,,,,,,,,,,,,,,
,,scrm_3102017243,,,,,,,,,,,,,,,,,,,,,,,,,,,
,,scrm_3102017244,,,,,,,,,,,,,,,,,,,,,,,,,,,
,,scrm_3102017245,,,,,,,,,,,,,,,,,,,,,,,,,,,
,,scrm_3102017246,,,,,,,,,,,,,,,,,,,,,,,,,,,
,,scrm_3102017247,,,,,,,,,,,,,,,,,,,,,,,,,,,
,,scrm_3102017248,,,,,,,,,,,,,,,,,,,,,,,,,,,
,,scrm_3102017249,,,,,,,,,,,,,,,,,,,,,,,,,,,
,,scrm_3102017250,,,,,,,,,,,,,,,,,,,,,,,,,,,
,,scrm_3102017251,,,,,,,,,,,,,,,,,,,,,,,,,,,
,,scrm_3102017252,,,,,,,,,,,,,,,,,,,,,,,,,,,
,,scrm_3102017253,,,,,,,,,,,,,,,,,,,,,,,,,,,
,,scrm_3102017254,,,,,,,,,,,,,,,,,,,,,,,,,,,
,,scrm_3102017255,,,,,,,,,,,,,,,,,,,,,,,,,,,
,,scrm_3102017256,,,,,,,,,,,,,,,,,,,,,,,,,,,
,,scrm_3102017257,,,,,,,,,,,,,,,,,,,,,,,,,,,
,,scrm_3102017258,,,,,,,,,,,,,,,,,,,,,,,,,,,
,,scrm_3102017259,,,,,,,,,,,,,,,,,,,,,,,,,,,
,,scrm_3102017260,,,,,,,,,,,,,,,,,,,,,,,,,,,
,,scrm_3102017261,,,,,,,,,,,,,,,,,,,,,,,,,,,
,,scrm_3102017262,,,,,,,,,,,,,,,,,,,,,,,,,,,
,,scrm_3102017263,,,,,,,,,,,,,,,,,,,,,,,,,,,
,,scrm_3102017264,,,,,,,,,,,,,,,,,,,,,,,,,,,
,,scrm_3102017265,,,,,,,,,,,,,,,,,,,,,,,,,,,
,,scrm_3102017266,,,,,,,,,,,,,,,,,,,,,,,,,,,
,,scrm_3102017267,,,,,,,,,,,,,,,,,,,,,,,,,,,
,,scrm_3102017268,,,,,,,,,,,,,,,,,,,,,,,,,,,
,,scrm_3102017269,,,,,,,,,,,,,,,,,,,,,,,,,,,
,,scrm_3102017270,,,,,,,,,,,,,,,,,,,,,,,,,,,
